{
    "MAE": 1.6111213463123035,
    "MSE": 4.082628398521858,
    "RMSE": 2.0205515085050068,
    "R2": 0.9889832909573145
}