{
    "MAE": 1.6111213463123044,
    "MSE": 4.082628398521853,
    "RMSE": 2.0205515085050054,
    "R2": 0.9889832909573145
}